{
    "AUT": "EU30",
    "BEL": "EU30",
    "BGR": "EU30",
    "HRV": "EU30",
    "CYP": "EU30",
    "CZE": "EU30",
    "DNK": "EU30",
    "EST": "EU30",
    "FIN": "EU30",
    "FRA": "EU30",
    "DEU": "EU30",
    "GRC": "EU30",
    "HUN": "EU30",
    "IRL": "EU30",
    "ITA": "EU30",
    "LVA": "EU30",
    "LTU": "EU30",
    "LUX": "EU30",
    "MLT": "EU30",
    "NLD": "EU30",
    "POL": "EU30",
    "PRT": "EU30",
    "ROU": "EU30",
    "SVK": "EU30",
    "SVN": "EU30",
    "ESP": "EU30",
    "SWE": "EU30",
    "NOR": "EU30",
    "CHE": "EU30",
    "GBR": "EU30",
    "CHN": "China",
    "MEX": "NAFTA",
    "USA": "NAFTA",
    "CAN": "NAFTA"
}